date,value,indicator,series_id
2018-01-01,2.5,Credit Card Delinquency Rate,DRCCLACBS
2018-04-01,2.5,Credit Card Delinquency Rate,DRCCLACBS
2018-07-01,2.52,Credit Card Delinquency Rate,DRCCLACBS
2018-10-01,2.54,Credit Card Delinquency Rate,DRCCLACBS
2019-01-01,2.54,Credit Card Delinquency Rate,DRCCLACBS
2019-04-01,2.59,Credit Card Delinquency Rate,DRCCLACBS
2019-07-01,2.6,Credit Card Delinquency Rate,DRCCLACBS
2019-10-01,2.61,Credit Card Delinquency Rate,DRCCLACBS
2020-01-01,2.69,Credit Card Delinquency Rate,DRCCLACBS
2020-04-01,2.45,Credit Card Delinquency Rate,DRCCLACBS
2020-07-01,1.99,Credit Card Delinquency Rate,DRCCLACBS
2020-10-01,2.1,Credit Card Delinquency Rate,DRCCLACBS
2021-01-01,1.88,Credit Card Delinquency Rate,DRCCLACBS
2021-04-01,1.59,Credit Card Delinquency Rate,DRCCLACBS
2021-07-01,1.53,Credit Card Delinquency Rate,DRCCLACBS
2021-10-01,1.57,Credit Card Delinquency Rate,DRCCLACBS
2022-01-01,1.69,Credit Card Delinquency Rate,DRCCLACBS
2022-04-01,1.83,Credit Card Delinquency Rate,DRCCLACBS
2022-07-01,2.05,Credit Card Delinquency Rate,DRCCLACBS
2022-10-01,2.26,Credit Card Delinquency Rate,DRCCLACBS
2023-01-01,2.47,Credit Card Delinquency Rate,DRCCLACBS
2023-04-01,2.75,Credit Card Delinquency Rate,DRCCLACBS
2023-07-01,2.94,Credit Card Delinquency Rate,DRCCLACBS
2023-10-01,3.1,Credit Card Delinquency Rate,DRCCLACBS
2024-01-01,3.17,Credit Card Delinquency Rate,DRCCLACBS
2024-04-01,3.22,Credit Card Delinquency Rate,DRCCLACBS
2024-07-01,3.2,Credit Card Delinquency Rate,DRCCLACBS
2024-10-01,3.08,Credit Card Delinquency Rate,DRCCLACBS
2025-01-01,3.06,Credit Card Delinquency Rate,DRCCLACBS
2025-04-01,3.04,Credit Card Delinquency Rate,DRCCLACBS
2025-07-01,2.98,Credit Card Delinquency Rate,DRCCLACBS
2025-10-01,2.94,Credit Card Delinquency Rate,DRCCLACBS
2018-01-01,3.48,Consumer Loan Delinquency Rate,DRSFRMACBS
2018-04-01,3.22,Consumer Loan Delinquency Rate,DRSFRMACBS
2018-07-01,2.99,Consumer Loan Delinquency Rate,DRSFRMACBS
2018-10-01,2.83,Consumer Loan Delinquency Rate,DRSFRMACBS
2019-01-01,2.69,Consumer Loan Delinquency Rate,DRSFRMACBS
2019-04-01,2.6,Consumer Loan Delinquency Rate,DRSFRMACBS
2019-07-01,2.44,Consumer Loan Delinquency Rate,DRSFRMACBS
2019-10-01,2.34,Consumer Loan Delinquency Rate,DRSFRMACBS
2020-01-01,2.35,Consumer Loan Delinquency Rate,DRSFRMACBS
2020-04-01,2.54,Consumer Loan Delinquency Rate,DRSFRMACBS
2020-07-01,2.83,Consumer Loan Delinquency Rate,DRSFRMACBS
2020-10-01,2.75,Consumer Loan Delinquency Rate,DRSFRMACBS
2021-01-01,2.68,Consumer Loan Delinquency Rate,DRSFRMACBS
2021-04-01,2.48,Consumer Loan Delinquency Rate,DRSFRMACBS
2021-07-01,2.3,Consumer Loan Delinquency Rate,DRSFRMACBS
2021-10-01,2.29,Consumer Loan Delinquency Rate,DRSFRMACBS
2022-01-01,2.09,Consumer Loan Delinquency Rate,DRSFRMACBS
2022-04-01,1.96,Consumer Loan Delinquency Rate,DRSFRMACBS
2022-07-01,1.84,Consumer Loan Delinquency Rate,DRSFRMACBS
2022-10-01,1.79,Consumer Loan Delinquency Rate,DRSFRMACBS
2023-01-01,1.74,Consumer Loan Delinquency Rate,DRSFRMACBS
2023-04-01,1.72,Consumer Loan Delinquency Rate,DRSFRMACBS
2023-07-01,1.72,Consumer Loan Delinquency Rate,DRSFRMACBS
2023-10-01,1.7,Consumer Loan Delinquency Rate,DRSFRMACBS
2024-01-01,1.71,Consumer Loan Delinquency Rate,DRSFRMACBS
2024-04-01,1.73,Consumer Loan Delinquency Rate,DRSFRMACBS
2024-07-01,1.74,Consumer Loan Delinquency Rate,DRSFRMACBS
2024-10-01,1.77,Consumer Loan Delinquency Rate,DRSFRMACBS
2025-01-01,1.78,Consumer Loan Delinquency Rate,DRSFRMACBS
2025-04-01,1.79,Consumer Loan Delinquency Rate,DRSFRMACBS
2025-07-01,1.78,Consumer Loan Delinquency Rate,DRSFRMACBS
2025-10-01,1.78,Consumer Loan Delinquency Rate,DRSFRMACBS
2018-01-01,5.7,Personal Savings Rate,PSAVERT
2018-02-01,5.8,Personal Savings Rate,PSAVERT
2018-03-01,5.9,Personal Savings Rate,PSAVERT
2018-04-01,6.0,Personal Savings Rate,PSAVERT
2018-05-01,6.0,Personal Savings Rate,PSAVERT
2018-06-01,6.3,Personal Savings Rate,PSAVERT
2018-07-01,6.5,Personal Savings Rate,PSAVERT
2018-08-01,6.6,Personal Savings Rate,PSAVERT
2018-09-01,6.8,Personal Savings Rate,PSAVERT
2018-10-01,6.7,Personal Savings Rate,PSAVERT
2018-11-01,6.5,Personal Savings Rate,PSAVERT
2018-12-01,8.4,Personal Savings Rate,PSAVERT
2019-01-01,8.4,Personal Savings Rate,PSAVERT
2019-02-01,8.5,Personal Savings Rate,PSAVERT
2019-03-01,7.9,Personal Savings Rate,PSAVERT
2019-04-01,7.6,Personal Savings Rate,PSAVERT
2019-05-01,7.3,Personal Savings Rate,PSAVERT
2019-06-01,7.1,Personal Savings Rate,PSAVERT
2019-07-01,6.8,Personal Savings Rate,PSAVERT
2019-08-01,6.9,Personal Savings Rate,PSAVERT
2019-09-01,7.0,Personal Savings Rate,PSAVERT
2019-10-01,7.1,Personal Savings Rate,PSAVERT
2019-11-01,6.9,Personal Savings Rate,PSAVERT
2019-12-01,6.2,Personal Savings Rate,PSAVERT
2020-01-01,6.8,Personal Savings Rate,PSAVERT
2020-02-01,7.5,Personal Savings Rate,PSAVERT
2020-03-01,12.4,Personal Savings Rate,PSAVERT
2020-04-01,31.8,Personal Savings Rate,PSAVERT
2020-05-01,22.6,Personal Savings Rate,PSAVERT
2020-06-01,18.3,Personal Savings Rate,PSAVERT
2020-07-01,17.9,Personal Savings Rate,PSAVERT
2020-08-01,13.9,Personal Savings Rate,PSAVERT
2020-09-01,13.3,Personal Savings Rate,PSAVERT
2020-10-01,12.8,Personal Savings Rate,PSAVERT
2020-11-01,12.0,Personal Savings Rate,PSAVERT
2020-12-01,11.8,Personal Savings Rate,PSAVERT
2021-01-01,19.5,Personal Savings Rate,PSAVERT
2021-02-01,13.0,Personal Savings Rate,PSAVERT
2021-03-01,26.2,Personal Savings Rate,PSAVERT
2021-04-01,12.4,Personal Savings Rate,PSAVERT
2021-05-01,10.0,Personal Savings Rate,PSAVERT
2021-06-01,8.8,Personal Savings Rate,PSAVERT
2021-07-01,9.5,Personal Savings Rate,PSAVERT
2021-08-01,8.7,Personal Savings Rate,PSAVERT
2021-09-01,7.6,Personal Savings Rate,PSAVERT
2021-10-01,7.0,Personal Savings Rate,PSAVERT
2021-11-01,6.6,Personal Savings Rate,PSAVERT
2021-12-01,6.6,Personal Savings Rate,PSAVERT
2022-01-01,4.2,Personal Savings Rate,PSAVERT
2022-02-01,4.1,Personal Savings Rate,PSAVERT
2022-03-01,3.2,Personal Savings Rate,PSAVERT
2022-04-01,2.6,Personal Savings Rate,PSAVERT
2022-05-01,2.6,Personal Savings Rate,PSAVERT
2022-06-01,2.2,Personal Savings Rate,PSAVERT
2022-07-01,3.3,Personal Savings Rate,PSAVERT
2022-08-01,3.2,Personal Savings Rate,PSAVERT
2022-09-01,3.4,Personal Savings Rate,PSAVERT
2022-10-01,3.4,Personal Savings Rate,PSAVERT
2022-11-01,3.8,Personal Savings Rate,PSAVERT
2022-12-01,4.2,Personal Savings Rate,PSAVERT
2023-01-01,4.9,Personal Savings Rate,PSAVERT
2023-02-01,5.5,Personal Savings Rate,PSAVERT
2023-03-01,6.0,Personal Savings Rate,PSAVERT
2023-04-01,5.8,Personal Savings Rate,PSAVERT
2023-05-01,6.1,Personal Savings Rate,PSAVERT
2023-06-01,5.8,Personal Savings Rate,PSAVERT
2023-07-01,5.5,Personal Savings Rate,PSAVERT
2023-08-01,5.6,Personal Savings Rate,PSAVERT
2023-09-01,5.3,Personal Savings Rate,PSAVERT
2023-10-01,5.4,Personal Savings Rate,PSAVERT
2023-11-01,5.6,Personal Savings Rate,PSAVERT
2023-12-01,5.6,Personal Savings Rate,PSAVERT
2024-01-01,6.4,Personal Savings Rate,PSAVERT
2024-02-01,6.1,Personal Savings Rate,PSAVERT
2024-03-01,5.9,Personal Savings Rate,PSAVERT
2024-04-01,5.8,Personal Savings Rate,PSAVERT
2024-05-01,5.8,Personal Savings Rate,PSAVERT
2024-06-01,5.7,Personal Savings Rate,PSAVERT
2024-07-01,5.3,Personal Savings Rate,PSAVERT
2024-08-01,5.2,Personal Savings Rate,PSAVERT
2024-09-01,4.8,Personal Savings Rate,PSAVERT
2024-10-01,5.0,Personal Savings Rate,PSAVERT
2024-11-01,4.9,Personal Savings Rate,PSAVERT
2024-12-01,4.3,Personal Savings Rate,PSAVERT
2025-01-01,5.1,Personal Savings Rate,PSAVERT
2025-02-01,5.2,Personal Savings Rate,PSAVERT
2025-03-01,5.1,Personal Savings Rate,PSAVERT
2025-04-01,5.5,Personal Savings Rate,PSAVERT
2025-05-01,4.9,Personal Savings Rate,PSAVERT
2025-06-01,4.6,Personal Savings Rate,PSAVERT
2025-07-01,4.5,Personal Savings Rate,PSAVERT
2025-08-01,4.4,Personal Savings Rate,PSAVERT
2025-09-01,4.3,Personal Savings Rate,PSAVERT
2025-10-01,4.0,Personal Savings Rate,PSAVERT
2025-11-01,4.0,Personal Savings Rate,PSAVERT
2025-12-01,3.9,Personal Savings Rate,PSAVERT
2026-01-01,4.5,Personal Savings Rate,PSAVERT
2026-02-01,4.0,Personal Savings Rate,PSAVERT
2018-01-03,767.8695,Consumer Credit: Revolving,CCLACBW027SBOG
2018-01-10,768.5149,Consumer Credit: Revolving,CCLACBW027SBOG
2018-01-17,769.6011,Consumer Credit: Revolving,CCLACBW027SBOG
2018-01-24,767.3849,Consumer Credit: Revolving,CCLACBW027SBOG
2018-01-31,769.3092,Consumer Credit: Revolving,CCLACBW027SBOG
2018-02-07,769.0992,Consumer Credit: Revolving,CCLACBW027SBOG
2018-02-14,769.543,Consumer Credit: Revolving,CCLACBW027SBOG
2018-02-21,769.0215,Consumer Credit: Revolving,CCLACBW027SBOG
2018-02-28,769.4057,Consumer Credit: Revolving,CCLACBW027SBOG
2018-03-07,770.99,Consumer Credit: Revolving,CCLACBW027SBOG
2018-03-14,769.9867,Consumer Credit: Revolving,CCLACBW027SBOG
2018-03-21,771.059,Consumer Credit: Revolving,CCLACBW027SBOG
2018-03-28,771.8948,Consumer Credit: Revolving,CCLACBW027SBOG
2018-04-04,787.7299,Consumer Credit: Revolving,CCLACBW027SBOG
2018-04-11,786.6698,Consumer Credit: Revolving,CCLACBW027SBOG
2018-04-18,786.2727,Consumer Credit: Revolving,CCLACBW027SBOG
2018-04-25,786.2658,Consumer Credit: Revolving,CCLACBW027SBOG
2018-05-02,786.9275,Consumer Credit: Revolving,CCLACBW027SBOG
2018-05-09,787.7515,Consumer Credit: Revolving,CCLACBW027SBOG
2018-05-16,789.3244,Consumer Credit: Revolving,CCLACBW027SBOG
2018-05-23,790.5617,Consumer Credit: Revolving,CCLACBW027SBOG
2018-05-30,793.9646,Consumer Credit: Revolving,CCLACBW027SBOG
2018-06-06,793.8356,Consumer Credit: Revolving,CCLACBW027SBOG
2018-06-13,794.8918,Consumer Credit: Revolving,CCLACBW027SBOG
2018-06-20,794.1745,Consumer Credit: Revolving,CCLACBW027SBOG
2018-06-27,793.7981,Consumer Credit: Revolving,CCLACBW027SBOG
2018-07-04,793.8232,Consumer Credit: Revolving,CCLACBW027SBOG
2018-07-11,792.1087,Consumer Credit: Revolving,CCLACBW027SBOG
2018-07-18,792.9427,Consumer Credit: Revolving,CCLACBW027SBOG
2018-07-25,793.4048,Consumer Credit: Revolving,CCLACBW027SBOG
2018-08-01,793.4095,Consumer Credit: Revolving,CCLACBW027SBOG
2018-08-08,796.254,Consumer Credit: Revolving,CCLACBW027SBOG
2018-08-15,796.4245,Consumer Credit: Revolving,CCLACBW027SBOG
2018-08-22,798.012,Consumer Credit: Revolving,CCLACBW027SBOG
2018-08-29,798.9685,Consumer Credit: Revolving,CCLACBW027SBOG
2018-09-05,800.2906,Consumer Credit: Revolving,CCLACBW027SBOG
2018-09-12,799.4133,Consumer Credit: Revolving,CCLACBW027SBOG
2018-09-19,800.414,Consumer Credit: Revolving,CCLACBW027SBOG
2018-09-26,799.984,Consumer Credit: Revolving,CCLACBW027SBOG
2018-10-03,802.2389,Consumer Credit: Revolving,CCLACBW027SBOG
2018-10-10,803.0474,Consumer Credit: Revolving,CCLACBW027SBOG
2018-10-17,802.3419,Consumer Credit: Revolving,CCLACBW027SBOG
2018-10-24,803.3267,Consumer Credit: Revolving,CCLACBW027SBOG
2018-10-31,805.8816,Consumer Credit: Revolving,CCLACBW027SBOG
2018-11-07,804.3473,Consumer Credit: Revolving,CCLACBW027SBOG
2018-11-14,806.3187,Consumer Credit: Revolving,CCLACBW027SBOG
2018-11-21,807.5311,Consumer Credit: Revolving,CCLACBW027SBOG
2018-11-28,810.808,Consumer Credit: Revolving,CCLACBW027SBOG
2018-12-05,807.9035,Consumer Credit: Revolving,CCLACBW027SBOG
2018-12-12,808.5734,Consumer Credit: Revolving,CCLACBW027SBOG
2018-12-19,806.2697,Consumer Credit: Revolving,CCLACBW027SBOG
2018-12-26,807.9737,Consumer Credit: Revolving,CCLACBW027SBOG
2019-01-02,807.2253,Consumer Credit: Revolving,CCLACBW027SBOG
2019-01-09,808.9909,Consumer Credit: Revolving,CCLACBW027SBOG
2019-01-16,807.6681,Consumer Credit: Revolving,CCLACBW027SBOG
2019-01-23,809.8026,Consumer Credit: Revolving,CCLACBW027SBOG
2019-01-30,812.9228,Consumer Credit: Revolving,CCLACBW027SBOG
2019-02-06,812.6904,Consumer Credit: Revolving,CCLACBW027SBOG
2019-02-13,812.7111,Consumer Credit: Revolving,CCLACBW027SBOG
2019-02-20,813.1523,Consumer Credit: Revolving,CCLACBW027SBOG
2019-02-27,815.3447,Consumer Credit: Revolving,CCLACBW027SBOG
2019-03-06,814.9755,Consumer Credit: Revolving,CCLACBW027SBOG
2019-03-13,815.7736,Consumer Credit: Revolving,CCLACBW027SBOG
2019-03-20,817.3649,Consumer Credit: Revolving,CCLACBW027SBOG
2019-03-27,817.9337,Consumer Credit: Revolving,CCLACBW027SBOG
2019-04-03,818.2833,Consumer Credit: Revolving,CCLACBW027SBOG
2019-04-10,817.6806,Consumer Credit: Revolving,CCLACBW027SBOG
2019-04-17,818.6036,Consumer Credit: Revolving,CCLACBW027SBOG
2019-04-24,818.3655,Consumer Credit: Revolving,CCLACBW027SBOG
2019-05-01,819.9101,Consumer Credit: Revolving,CCLACBW027SBOG
2019-05-08,821.2398,Consumer Credit: Revolving,CCLACBW027SBOG
2019-05-15,821.4318,Consumer Credit: Revolving,CCLACBW027SBOG
2019-05-22,823.6102,Consumer Credit: Revolving,CCLACBW027SBOG
2019-05-29,826.3477,Consumer Credit: Revolving,CCLACBW027SBOG
2019-06-05,826.6976,Consumer Credit: Revolving,CCLACBW027SBOG
2019-06-12,827.6652,Consumer Credit: Revolving,CCLACBW027SBOG
2019-06-19,826.138,Consumer Credit: Revolving,CCLACBW027SBOG
2019-06-26,824.1994,Consumer Credit: Revolving,CCLACBW027SBOG
2019-07-03,822.8621,Consumer Credit: Revolving,CCLACBW027SBOG
2019-07-10,824.8948,Consumer Credit: Revolving,CCLACBW027SBOG
2019-07-17,824.1712,Consumer Credit: Revolving,CCLACBW027SBOG
2019-07-24,825.6328,Consumer Credit: Revolving,CCLACBW027SBOG
2019-07-31,829.0651,Consumer Credit: Revolving,CCLACBW027SBOG
2019-08-07,829.627,Consumer Credit: Revolving,CCLACBW027SBOG
2019-08-14,830.6398,Consumer Credit: Revolving,CCLACBW027SBOG
2019-08-21,831.8242,Consumer Credit: Revolving,CCLACBW027SBOG
2019-08-28,830.662,Consumer Credit: Revolving,CCLACBW027SBOG
2019-09-04,833.2898,Consumer Credit: Revolving,CCLACBW027SBOG
2019-09-11,831.2402,Consumer Credit: Revolving,CCLACBW027SBOG
2019-09-18,832.3112,Consumer Credit: Revolving,CCLACBW027SBOG
2019-09-25,831.803,Consumer Credit: Revolving,CCLACBW027SBOG
2019-10-02,832.4275,Consumer Credit: Revolving,CCLACBW027SBOG
2019-10-09,832.8839,Consumer Credit: Revolving,CCLACBW027SBOG
2019-10-16,840.9291,Consumer Credit: Revolving,CCLACBW027SBOG
2019-10-23,840.9798,Consumer Credit: Revolving,CCLACBW027SBOG
2019-10-30,843.3221,Consumer Credit: Revolving,CCLACBW027SBOG
2019-11-06,842.6624,Consumer Credit: Revolving,CCLACBW027SBOG
2019-11-13,843.7757,Consumer Credit: Revolving,CCLACBW027SBOG
2019-11-20,842.3047,Consumer Credit: Revolving,CCLACBW027SBOG
2019-11-27,837.947,Consumer Credit: Revolving,CCLACBW027SBOG
2019-12-04,841.3704,Consumer Credit: Revolving,CCLACBW027SBOG
2019-12-11,844.0509,Consumer Credit: Revolving,CCLACBW027SBOG
2019-12-18,842.8486,Consumer Credit: Revolving,CCLACBW027SBOG
2019-12-25,847.6165,Consumer Credit: Revolving,CCLACBW027SBOG
2020-01-01,847.4672,Consumer Credit: Revolving,CCLACBW027SBOG
2020-01-08,848.7057,Consumer Credit: Revolving,CCLACBW027SBOG
2020-01-15,847.0693,Consumer Credit: Revolving,CCLACBW027SBOG
2020-01-22,849.5038,Consumer Credit: Revolving,CCLACBW027SBOG
2020-01-29,850.0029,Consumer Credit: Revolving,CCLACBW027SBOG
2020-02-05,849.5462,Consumer Credit: Revolving,CCLACBW027SBOG
2020-02-12,849.6585,Consumer Credit: Revolving,CCLACBW027SBOG
2020-02-19,850.9445,Consumer Credit: Revolving,CCLACBW027SBOG
2020-02-26,852.261,Consumer Credit: Revolving,CCLACBW027SBOG
2020-03-04,859.925,Consumer Credit: Revolving,CCLACBW027SBOG
2020-03-11,859.6976,Consumer Credit: Revolving,CCLACBW027SBOG
2020-03-18,859.4494,Consumer Credit: Revolving,CCLACBW027SBOG
2020-03-25,847.5291,Consumer Credit: Revolving,CCLACBW027SBOG
2020-04-01,836.8413,Consumer Credit: Revolving,CCLACBW027SBOG
2020-04-08,821.1309,Consumer Credit: Revolving,CCLACBW027SBOG
2020-04-15,803.2946,Consumer Credit: Revolving,CCLACBW027SBOG
2020-04-22,786.9696,Consumer Credit: Revolving,CCLACBW027SBOG
2020-04-29,783.8329,Consumer Credit: Revolving,CCLACBW027SBOG
2020-05-06,778.0747,Consumer Credit: Revolving,CCLACBW027SBOG
2020-05-13,775.0011,Consumer Credit: Revolving,CCLACBW027SBOG
2020-05-20,772.4066,Consumer Credit: Revolving,CCLACBW027SBOG
2020-05-27,768.6932,Consumer Credit: Revolving,CCLACBW027SBOG
2020-06-03,766.7865,Consumer Credit: Revolving,CCLACBW027SBOG
2020-06-10,766.8038,Consumer Credit: Revolving,CCLACBW027SBOG
2020-06-17,764.0934,Consumer Credit: Revolving,CCLACBW027SBOG
2020-06-24,762.4848,Consumer Credit: Revolving,CCLACBW027SBOG
2020-07-01,758.3692,Consumer Credit: Revolving,CCLACBW027SBOG
2020-07-08,760.7808,Consumer Credit: Revolving,CCLACBW027SBOG
2020-07-15,759.6332,Consumer Credit: Revolving,CCLACBW027SBOG
2020-07-22,758.6488,Consumer Credit: Revolving,CCLACBW027SBOG
2020-07-29,757.0884,Consumer Credit: Revolving,CCLACBW027SBOG
2020-08-05,756.4638,Consumer Credit: Revolving,CCLACBW027SBOG
2020-08-12,754.6925,Consumer Credit: Revolving,CCLACBW027SBOG
2020-08-19,754.4839,Consumer Credit: Revolving,CCLACBW027SBOG
2020-08-26,751.7103,Consumer Credit: Revolving,CCLACBW027SBOG
2020-09-02,750.6376,Consumer Credit: Revolving,CCLACBW027SBOG
2020-09-09,752.3047,Consumer Credit: Revolving,CCLACBW027SBOG
2020-09-16,751.8689,Consumer Credit: Revolving,CCLACBW027SBOG
2020-09-23,751.2502,Consumer Credit: Revolving,CCLACBW027SBOG
2020-09-30,754.2108,Consumer Credit: Revolving,CCLACBW027SBOG
2020-10-07,752.3857,Consumer Credit: Revolving,CCLACBW027SBOG
2020-10-14,752.9899,Consumer Credit: Revolving,CCLACBW027SBOG
2020-10-21,753.3096,Consumer Credit: Revolving,CCLACBW027SBOG
2020-10-28,751.8569,Consumer Credit: Revolving,CCLACBW027SBOG
2020-11-04,752.8122,Consumer Credit: Revolving,CCLACBW027SBOG
2020-11-11,752.6853,Consumer Credit: Revolving,CCLACBW027SBOG
2020-11-18,750.3865,Consumer Credit: Revolving,CCLACBW027SBOG
2020-11-25,750.5722,Consumer Credit: Revolving,CCLACBW027SBOG
2020-12-02,748.1582,Consumer Credit: Revolving,CCLACBW027SBOG
2020-12-09,751.1178,Consumer Credit: Revolving,CCLACBW027SBOG
2020-12-16,751.1258,Consumer Credit: Revolving,CCLACBW027SBOG
2020-12-23,751.4209,Consumer Credit: Revolving,CCLACBW027SBOG
2020-12-30,747.752,Consumer Credit: Revolving,CCLACBW027SBOG
2021-01-06,747.5447,Consumer Credit: Revolving,CCLACBW027SBOG
2021-01-13,745.21,Consumer Credit: Revolving,CCLACBW027SBOG
2021-01-20,745.1193,Consumer Credit: Revolving,CCLACBW027SBOG
2021-01-27,742.7216,Consumer Credit: Revolving,CCLACBW027SBOG
2021-02-03,742.9679,Consumer Credit: Revolving,CCLACBW027SBOG
2021-02-10,743.2743,Consumer Credit: Revolving,CCLACBW027SBOG
2021-02-17,744.0447,Consumer Credit: Revolving,CCLACBW027SBOG
2021-02-24,742.6864,Consumer Credit: Revolving,CCLACBW027SBOG
2021-03-03,744.1184,Consumer Credit: Revolving,CCLACBW027SBOG
2021-03-10,745.6416,Consumer Credit: Revolving,CCLACBW027SBOG
2021-03-17,743.4162,Consumer Credit: Revolving,CCLACBW027SBOG
2021-03-24,740.3363,Consumer Credit: Revolving,CCLACBW027SBOG
2021-03-31,742.219,Consumer Credit: Revolving,CCLACBW027SBOG
2021-04-07,738.0604,Consumer Credit: Revolving,CCLACBW027SBOG
2021-04-14,736.1418,Consumer Credit: Revolving,CCLACBW027SBOG
2021-04-21,735.1548,Consumer Credit: Revolving,CCLACBW027SBOG
2021-04-28,739.3728,Consumer Credit: Revolving,CCLACBW027SBOG
2021-05-05,740.4911,Consumer Credit: Revolving,CCLACBW027SBOG
2021-05-12,745.5147,Consumer Credit: Revolving,CCLACBW027SBOG
2021-05-19,750.003,Consumer Credit: Revolving,CCLACBW027SBOG
2021-05-26,752.0651,Consumer Credit: Revolving,CCLACBW027SBOG
2021-06-02,753.0571,Consumer Credit: Revolving,CCLACBW027SBOG
2021-06-09,755.1144,Consumer Credit: Revolving,CCLACBW027SBOG
2021-06-16,754.902,Consumer Credit: Revolving,CCLACBW027SBOG
2021-06-23,756.8792,Consumer Credit: Revolving,CCLACBW027SBOG
2021-06-30,761.4661,Consumer Credit: Revolving,CCLACBW027SBOG
2021-07-07,761.3283,Consumer Credit: Revolving,CCLACBW027SBOG
2021-07-14,761.3619,Consumer Credit: Revolving,CCLACBW027SBOG
2021-07-21,763.2518,Consumer Credit: Revolving,CCLACBW027SBOG
2021-07-28,764.6185,Consumer Credit: Revolving,CCLACBW027SBOG
2021-08-04,767.2331,Consumer Credit: Revolving,CCLACBW027SBOG
2021-08-11,768.5313,Consumer Credit: Revolving,CCLACBW027SBOG
2021-08-18,770.098,Consumer Credit: Revolving,CCLACBW027SBOG
2021-08-25,769.6411,Consumer Credit: Revolving,CCLACBW027SBOG
2021-09-01,769.3425,Consumer Credit: Revolving,CCLACBW027SBOG
2021-09-08,771.0766,Consumer Credit: Revolving,CCLACBW027SBOG
2021-09-15,771.6425,Consumer Credit: Revolving,CCLACBW027SBOG
2021-09-22,772.3698,Consumer Credit: Revolving,CCLACBW027SBOG
2021-09-29,778.3401,Consumer Credit: Revolving,CCLACBW027SBOG
2021-10-06,779.1553,Consumer Credit: Revolving,CCLACBW027SBOG
2021-10-13,782.586,Consumer Credit: Revolving,CCLACBW027SBOG
2021-10-20,783.711,Consumer Credit: Revolving,CCLACBW027SBOG
2021-10-27,786.1541,Consumer Credit: Revolving,CCLACBW027SBOG
2021-11-03,787.9219,Consumer Credit: Revolving,CCLACBW027SBOG
2021-11-10,790.6521,Consumer Credit: Revolving,CCLACBW027SBOG
2021-11-17,794.3518,Consumer Credit: Revolving,CCLACBW027SBOG
2021-11-24,797.731,Consumer Credit: Revolving,CCLACBW027SBOG
2021-12-01,800.998,Consumer Credit: Revolving,CCLACBW027SBOG
2021-12-08,803.0228,Consumer Credit: Revolving,CCLACBW027SBOG
2021-12-15,803.442,Consumer Credit: Revolving,CCLACBW027SBOG
2021-12-22,805.8778,Consumer Credit: Revolving,CCLACBW027SBOG
2021-12-29,805.928,Consumer Credit: Revolving,CCLACBW027SBOG
2022-01-05,808.6677,Consumer Credit: Revolving,CCLACBW027SBOG
2022-01-12,811.4596,Consumer Credit: Revolving,CCLACBW027SBOG
2022-01-19,813.4005,Consumer Credit: Revolving,CCLACBW027SBOG
2022-01-26,814.1086,Consumer Credit: Revolving,CCLACBW027SBOG
2022-02-02,815.4492,Consumer Credit: Revolving,CCLACBW027SBOG
2022-02-09,816.1357,Consumer Credit: Revolving,CCLACBW027SBOG
2022-02-16,817.3224,Consumer Credit: Revolving,CCLACBW027SBOG
2022-02-23,821.7821,Consumer Credit: Revolving,CCLACBW027SBOG
2022-03-02,825.6208,Consumer Credit: Revolving,CCLACBW027SBOG
2022-03-09,830.2271,Consumer Credit: Revolving,CCLACBW027SBOG
2022-03-16,833.6856,Consumer Credit: Revolving,CCLACBW027SBOG
2022-03-23,839.5929,Consumer Credit: Revolving,CCLACBW027SBOG
2022-03-30,847.3377,Consumer Credit: Revolving,CCLACBW027SBOG
2022-04-06,845.8013,Consumer Credit: Revolving,CCLACBW027SBOG
2022-04-13,850.7567,Consumer Credit: Revolving,CCLACBW027SBOG
2022-04-20,852.1444,Consumer Credit: Revolving,CCLACBW027SBOG
2022-04-27,856.405,Consumer Credit: Revolving,CCLACBW027SBOG
2022-05-04,858.1789,Consumer Credit: Revolving,CCLACBW027SBOG
2022-05-11,861.9102,Consumer Credit: Revolving,CCLACBW027SBOG
2022-05-18,864.3827,Consumer Credit: Revolving,CCLACBW027SBOG
2022-05-25,868.5449,Consumer Credit: Revolving,CCLACBW027SBOG
2022-06-01,870.7614,Consumer Credit: Revolving,CCLACBW027SBOG
2022-06-08,874.1269,Consumer Credit: Revolving,CCLACBW027SBOG
2022-06-15,874.6433,Consumer Credit: Revolving,CCLACBW027SBOG
2022-06-22,882.9451,Consumer Credit: Revolving,CCLACBW027SBOG
2022-06-29,886.8137,Consumer Credit: Revolving,CCLACBW027SBOG
2022-07-06,889.4485,Consumer Credit: Revolving,CCLACBW027SBOG
2022-07-13,891.628,Consumer Credit: Revolving,CCLACBW027SBOG
2022-07-20,894.6829,Consumer Credit: Revolving,CCLACBW027SBOG
2022-07-27,896.2486,Consumer Credit: Revolving,CCLACBW027SBOG
2022-08-03,897.5337,Consumer Credit: Revolving,CCLACBW027SBOG
2022-08-10,899.5049,Consumer Credit: Revolving,CCLACBW027SBOG
2022-08-17,900.0724,Consumer Credit: Revolving,CCLACBW027SBOG
2022-08-24,904.2102,Consumer Credit: Revolving,CCLACBW027SBOG
2022-08-31,908.9964,Consumer Credit: Revolving,CCLACBW027SBOG
2022-09-07,909.5148,Consumer Credit: Revolving,CCLACBW027SBOG
2022-09-14,912.1304,Consumer Credit: Revolving,CCLACBW027SBOG
2022-09-21,914.7259,Consumer Credit: Revolving,CCLACBW027SBOG
2022-09-28,918.5731,Consumer Credit: Revolving,CCLACBW027SBOG
2022-10-05,921.4094,Consumer Credit: Revolving,CCLACBW027SBOG
2022-10-12,924.2732,Consumer Credit: Revolving,CCLACBW027SBOG
2022-10-19,926.6034,Consumer Credit: Revolving,CCLACBW027SBOG
2022-10-26,928.4204,Consumer Credit: Revolving,CCLACBW027SBOG
2022-11-02,929.365,Consumer Credit: Revolving,CCLACBW027SBOG
2022-11-09,929.8252,Consumer Credit: Revolving,CCLACBW027SBOG
2022-11-16,931.0202,Consumer Credit: Revolving,CCLACBW027SBOG
2022-11-23,935.2283,Consumer Credit: Revolving,CCLACBW027SBOG
2022-11-30,939.2581,Consumer Credit: Revolving,CCLACBW027SBOG
2022-12-07,938.5546,Consumer Credit: Revolving,CCLACBW027SBOG
2022-12-14,941.3217,Consumer Credit: Revolving,CCLACBW027SBOG
2022-12-21,942.7197,Consumer Credit: Revolving,CCLACBW027SBOG
2022-12-28,943.6059,Consumer Credit: Revolving,CCLACBW027SBOG
2023-01-04,949.678,Consumer Credit: Revolving,CCLACBW027SBOG
2023-01-11,950.6125,Consumer Credit: Revolving,CCLACBW027SBOG
2023-01-18,956.0263,Consumer Credit: Revolving,CCLACBW027SBOG
2023-01-25,953.9481,Consumer Credit: Revolving,CCLACBW027SBOG
2023-02-01,953.6228,Consumer Credit: Revolving,CCLACBW027SBOG
2023-02-08,953.5787,Consumer Credit: Revolving,CCLACBW027SBOG
2023-02-15,955.9924,Consumer Credit: Revolving,CCLACBW027SBOG
2023-02-22,958.2358,Consumer Credit: Revolving,CCLACBW027SBOG
2023-03-01,957.6015,Consumer Credit: Revolving,CCLACBW027SBOG
2023-03-08,964.9335,Consumer Credit: Revolving,CCLACBW027SBOG
2023-03-15,967.4855,Consumer Credit: Revolving,CCLACBW027SBOG
2023-03-22,971.5971,Consumer Credit: Revolving,CCLACBW027SBOG
2023-03-29,976.2179,Consumer Credit: Revolving,CCLACBW027SBOG
2023-04-05,976.1158,Consumer Credit: Revolving,CCLACBW027SBOG
2023-04-12,975.0979,Consumer Credit: Revolving,CCLACBW027SBOG
2023-04-19,978.75,Consumer Credit: Revolving,CCLACBW027SBOG
2023-04-26,983.2403,Consumer Credit: Revolving,CCLACBW027SBOG
2023-05-03,981.4173,Consumer Credit: Revolving,CCLACBW027SBOG
2023-05-10,981.6266,Consumer Credit: Revolving,CCLACBW027SBOG
2023-05-17,986.4578,Consumer Credit: Revolving,CCLACBW027SBOG
2023-05-24,987.6165,Consumer Credit: Revolving,CCLACBW027SBOG
2023-05-31,989.6863,Consumer Credit: Revolving,CCLACBW027SBOG
2023-06-07,990.2108,Consumer Credit: Revolving,CCLACBW027SBOG
2023-06-14,991.6531,Consumer Credit: Revolving,CCLACBW027SBOG
2023-06-21,993.8489,Consumer Credit: Revolving,CCLACBW027SBOG
2023-06-28,993.4855,Consumer Credit: Revolving,CCLACBW027SBOG
2023-07-05,996.8009,Consumer Credit: Revolving,CCLACBW027SBOG
2023-07-12,996.9953,Consumer Credit: Revolving,CCLACBW027SBOG
2023-07-19,1001.635,Consumer Credit: Revolving,CCLACBW027SBOG
2023-07-26,1002.1865,Consumer Credit: Revolving,CCLACBW027SBOG
2023-08-02,1000.703,Consumer Credit: Revolving,CCLACBW027SBOG
2023-08-09,1003.8091,Consumer Credit: Revolving,CCLACBW027SBOG
2023-08-16,1004.2249,Consumer Credit: Revolving,CCLACBW027SBOG
2023-08-23,1006.8798,Consumer Credit: Revolving,CCLACBW027SBOG
2023-08-30,1012.2161,Consumer Credit: Revolving,CCLACBW027SBOG
2023-09-06,1010.4207,Consumer Credit: Revolving,CCLACBW027SBOG
2023-09-13,1012.0694,Consumer Credit: Revolving,CCLACBW027SBOG
2023-09-20,1014.7128,Consumer Credit: Revolving,CCLACBW027SBOG
2023-09-27,1016.5962,Consumer Credit: Revolving,CCLACBW027SBOG
2023-10-04,1018.7243,Consumer Credit: Revolving,CCLACBW027SBOG
2023-10-11,1020.8953,Consumer Credit: Revolving,CCLACBW027SBOG
2023-10-18,1022.4309,Consumer Credit: Revolving,CCLACBW027SBOG
2023-10-25,1023.6327,Consumer Credit: Revolving,CCLACBW027SBOG
2023-11-01,1020.2155,Consumer Credit: Revolving,CCLACBW027SBOG
2023-11-08,1026.5774,Consumer Credit: Revolving,CCLACBW027SBOG
2023-11-15,1026.4038,Consumer Credit: Revolving,CCLACBW027SBOG
2023-11-22,1030.0767,Consumer Credit: Revolving,CCLACBW027SBOG
2023-11-29,1036.2604,Consumer Credit: Revolving,CCLACBW027SBOG
2023-12-06,1030.4211,Consumer Credit: Revolving,CCLACBW027SBOG
2023-12-13,1031.489,Consumer Credit: Revolving,CCLACBW027SBOG
2023-12-20,1031.9252,Consumer Credit: Revolving,CCLACBW027SBOG
2023-12-27,1031.4063,Consumer Credit: Revolving,CCLACBW027SBOG
2024-01-03,1035.5784,Consumer Credit: Revolving,CCLACBW027SBOG
2024-01-10,1039.3794,Consumer Credit: Revolving,CCLACBW027SBOG
2024-01-17,1042.2549,Consumer Credit: Revolving,CCLACBW027SBOG
2024-01-24,1041.0627,Consumer Credit: Revolving,CCLACBW027SBOG
2024-01-31,1042.7954,Consumer Credit: Revolving,CCLACBW027SBOG
2024-02-07,1043.5152,Consumer Credit: Revolving,CCLACBW027SBOG
2024-02-14,1046.1271,Consumer Credit: Revolving,CCLACBW027SBOG
2024-02-21,1046.137,Consumer Credit: Revolving,CCLACBW027SBOG
2024-02-28,1053.3121,Consumer Credit: Revolving,CCLACBW027SBOG
2024-03-06,1052.7963,Consumer Credit: Revolving,CCLACBW027SBOG
2024-03-13,1056.7885,Consumer Credit: Revolving,CCLACBW027SBOG
2024-03-20,1058.1211,Consumer Credit: Revolving,CCLACBW027SBOG
2024-03-27,1057.648,Consumer Credit: Revolving,CCLACBW027SBOG
2024-04-03,1057.5056,Consumer Credit: Revolving,CCLACBW027SBOG
2024-04-10,1055.0416,Consumer Credit: Revolving,CCLACBW027SBOG
2024-04-17,1055.7891,Consumer Credit: Revolving,CCLACBW027SBOG
2024-04-24,1054.8084,Consumer Credit: Revolving,CCLACBW027SBOG
2024-05-01,1056.3377,Consumer Credit: Revolving,CCLACBW027SBOG
2024-05-08,1059.4368,Consumer Credit: Revolving,CCLACBW027SBOG
2024-05-15,1058.4281,Consumer Credit: Revolving,CCLACBW027SBOG
2024-05-22,1060.404,Consumer Credit: Revolving,CCLACBW027SBOG
2024-05-29,1064.505,Consumer Credit: Revolving,CCLACBW027SBOG
2024-06-05,1062.5167,Consumer Credit: Revolving,CCLACBW027SBOG
2024-06-12,1063.2025,Consumer Credit: Revolving,CCLACBW027SBOG
2024-06-19,1064.3444,Consumer Credit: Revolving,CCLACBW027SBOG
2024-06-26,1063.9045,Consumer Credit: Revolving,CCLACBW027SBOG
2024-07-03,1062.9404,Consumer Credit: Revolving,CCLACBW027SBOG
2024-07-10,1063.9784,Consumer Credit: Revolving,CCLACBW027SBOG
2024-07-17,1065.0864,Consumer Credit: Revolving,CCLACBW027SBOG
2024-07-24,1065.9514,Consumer Credit: Revolving,CCLACBW027SBOG
2024-07-31,1067.4365,Consumer Credit: Revolving,CCLACBW027SBOG
2024-08-07,1068.3688,Consumer Credit: Revolving,CCLACBW027SBOG
2024-08-14,1068.9795,Consumer Credit: Revolving,CCLACBW027SBOG
2024-08-21,1070.2632,Consumer Credit: Revolving,CCLACBW027SBOG
2024-08-28,1068.6987,Consumer Credit: Revolving,CCLACBW027SBOG
2024-09-04,1071.5461,Consumer Credit: Revolving,CCLACBW027SBOG
2024-09-11,1071.6662,Consumer Credit: Revolving,CCLACBW027SBOG
2024-09-18,1072.7482,Consumer Credit: Revolving,CCLACBW027SBOG
2024-09-25,1071.5047,Consumer Credit: Revolving,CCLACBW027SBOG
2024-10-02,1072.2602,Consumer Credit: Revolving,CCLACBW027SBOG
2024-10-09,1074.4039,Consumer Credit: Revolving,CCLACBW027SBOG
2024-10-16,1073.9402,Consumer Credit: Revolving,CCLACBW027SBOG
2024-10-23,1075.6119,Consumer Credit: Revolving,CCLACBW027SBOG
2024-10-30,1080.0062,Consumer Credit: Revolving,CCLACBW027SBOG
2024-11-06,1076.6162,Consumer Credit: Revolving,CCLACBW027SBOG
2024-11-13,1075.3657,Consumer Credit: Revolving,CCLACBW027SBOG
2024-11-20,1076.147,Consumer Credit: Revolving,CCLACBW027SBOG
2024-11-27,1070.3175,Consumer Credit: Revolving,CCLACBW027SBOG
2024-12-04,1074.3515,Consumer Credit: Revolving,CCLACBW027SBOG
2024-12-11,1077.9339,Consumer Credit: Revolving,CCLACBW027SBOG
2024-12-18,1076.6348,Consumer Credit: Revolving,CCLACBW027SBOG
2024-12-25,1081.5877,Consumer Credit: Revolving,CCLACBW027SBOG
2025-01-01,1040.9626,Consumer Credit: Revolving,CCLACBW027SBOG
2025-01-08,1040.9017,Consumer Credit: Revolving,CCLACBW027SBOG
2025-01-15,1039.7905,Consumer Credit: Revolving,CCLACBW027SBOG
2025-01-22,1042.461,Consumer Credit: Revolving,CCLACBW027SBOG
2025-01-29,1046.0067,Consumer Credit: Revolving,CCLACBW027SBOG
2025-02-05,1043.7427,Consumer Credit: Revolving,CCLACBW027SBOG
2025-02-12,1043.8236,Consumer Credit: Revolving,CCLACBW027SBOG
2025-02-19,1044.3357,Consumer Credit: Revolving,CCLACBW027SBOG
2025-02-26,1046.8702,Consumer Credit: Revolving,CCLACBW027SBOG
2025-03-05,1044.9508,Consumer Credit: Revolving,CCLACBW027SBOG
2025-03-12,1046.8608,Consumer Credit: Revolving,CCLACBW027SBOG
2025-03-19,1049.2207,Consumer Credit: Revolving,CCLACBW027SBOG
2025-03-26,1050.3495,Consumer Credit: Revolving,CCLACBW027SBOG
2025-04-02,1037.9698,Consumer Credit: Revolving,CCLACBW027SBOG
2025-04-09,1040.8505,Consumer Credit: Revolving,CCLACBW027SBOG
2025-04-16,1040.1485,Consumer Credit: Revolving,CCLACBW027SBOG
2025-04-23,1039.7635,Consumer Credit: Revolving,CCLACBW027SBOG
2025-04-30,1040.2657,Consumer Credit: Revolving,CCLACBW027SBOG
2025-05-07,1042.1644,Consumer Credit: Revolving,CCLACBW027SBOG
2025-05-14,1042.9379,Consumer Credit: Revolving,CCLACBW027SBOG
2025-05-21,1044.1337,Consumer Credit: Revolving,CCLACBW027SBOG
2025-05-28,1042.5443,Consumer Credit: Revolving,CCLACBW027SBOG
2025-06-04,1042.9102,Consumer Credit: Revolving,CCLACBW027SBOG
2025-06-11,1044.7943,Consumer Credit: Revolving,CCLACBW027SBOG
2025-06-18,1044.3228,Consumer Credit: Revolving,CCLACBW027SBOG
2025-06-25,1044.6413,Consumer Credit: Revolving,CCLACBW027SBOG
2025-07-02,1041.6934,Consumer Credit: Revolving,CCLACBW027SBOG
2025-07-09,1045.0976,Consumer Credit: Revolving,CCLACBW027SBOG
2025-07-16,1046.1801,Consumer Credit: Revolving,CCLACBW027SBOG
2025-07-23,1045.9341,Consumer Credit: Revolving,CCLACBW027SBOG
2025-07-30,1049.6967,Consumer Credit: Revolving,CCLACBW027SBOG
2025-08-06,1047.7152,Consumer Credit: Revolving,CCLACBW027SBOG
2025-08-13,1048.8955,Consumer Credit: Revolving,CCLACBW027SBOG
2025-08-20,1049.5784,Consumer Credit: Revolving,CCLACBW027SBOG
2025-08-27,1049.3969,Consumer Credit: Revolving,CCLACBW027SBOG
2025-09-03,1048.7996,Consumer Credit: Revolving,CCLACBW027SBOG
2025-09-10,1050.2779,Consumer Credit: Revolving,CCLACBW027SBOG
2025-09-17,1052.6765,Consumer Credit: Revolving,CCLACBW027SBOG
2025-09-24,1051.5684,Consumer Credit: Revolving,CCLACBW027SBOG
2025-10-01,1050.4533,Consumer Credit: Revolving,CCLACBW027SBOG
2025-10-08,1056.2577,Consumer Credit: Revolving,CCLACBW027SBOG
2025-10-15,1055.4337,Consumer Credit: Revolving,CCLACBW027SBOG
2025-10-22,1055.6193,Consumer Credit: Revolving,CCLACBW027SBOG
2025-10-29,1056.0942,Consumer Credit: Revolving,CCLACBW027SBOG
2025-11-05,1057.2735,Consumer Credit: Revolving,CCLACBW027SBOG
2025-11-12,1060.2174,Consumer Credit: Revolving,CCLACBW027SBOG
2025-11-19,1061.5967,Consumer Credit: Revolving,CCLACBW027SBOG
2025-11-26,1057.2737,Consumer Credit: Revolving,CCLACBW027SBOG
2025-12-03,1059.4358,Consumer Credit: Revolving,CCLACBW027SBOG
2025-12-10,1064.2332,Consumer Credit: Revolving,CCLACBW027SBOG
2025-12-17,1066.2819,Consumer Credit: Revolving,CCLACBW027SBOG
2025-12-24,1068.6417,Consumer Credit: Revolving,CCLACBW027SBOG
2025-12-31,1066.7293,Consumer Credit: Revolving,CCLACBW027SBOG
2026-01-07,1071.1191,Consumer Credit: Revolving,CCLACBW027SBOG
2026-01-14,1070.8778,Consumer Credit: Revolving,CCLACBW027SBOG
2026-01-21,1071.0254,Consumer Credit: Revolving,CCLACBW027SBOG
2026-01-28,1067.5846,Consumer Credit: Revolving,CCLACBW027SBOG
2026-02-04,1069.6325,Consumer Credit: Revolving,CCLACBW027SBOG
2026-02-11,1070.9218,Consumer Credit: Revolving,CCLACBW027SBOG
2026-02-18,1072.8639,Consumer Credit: Revolving,CCLACBW027SBOG
2026-02-25,1070.8877,Consumer Credit: Revolving,CCLACBW027SBOG
2026-03-04,1071.971,Consumer Credit: Revolving,CCLACBW027SBOG
2026-03-11,1074.9718,Consumer Credit: Revolving,CCLACBW027SBOG
2026-03-18,1077.526,Consumer Credit: Revolving,CCLACBW027SBOG
2026-03-25,1080.0493,Consumer Credit: Revolving,CCLACBW027SBOG
2026-04-01,1083.5119,Consumer Credit: Revolving,CCLACBW027SBOG
2018-01-01,,Credit Card Interest Rate,TERMCBCCALLNS
2018-02-01,13.63,Credit Card Interest Rate,TERMCBCCALLNS
2018-03-01,,Credit Card Interest Rate,TERMCBCCALLNS
2018-04-01,,Credit Card Interest Rate,TERMCBCCALLNS
2018-05-01,14.14,Credit Card Interest Rate,TERMCBCCALLNS
2018-06-01,,Credit Card Interest Rate,TERMCBCCALLNS
2018-07-01,,Credit Card Interest Rate,TERMCBCCALLNS
2018-08-01,14.38,Credit Card Interest Rate,TERMCBCCALLNS
2018-09-01,,Credit Card Interest Rate,TERMCBCCALLNS
2018-10-01,,Credit Card Interest Rate,TERMCBCCALLNS
2018-11-01,14.73,Credit Card Interest Rate,TERMCBCCALLNS
2018-12-01,,Credit Card Interest Rate,TERMCBCCALLNS
2019-01-01,,Credit Card Interest Rate,TERMCBCCALLNS
2019-02-01,15.09,Credit Card Interest Rate,TERMCBCCALLNS
2019-03-01,,Credit Card Interest Rate,TERMCBCCALLNS
2019-04-01,,Credit Card Interest Rate,TERMCBCCALLNS
2019-05-01,15.13,Credit Card Interest Rate,TERMCBCCALLNS
2019-06-01,,Credit Card Interest Rate,TERMCBCCALLNS
2019-07-01,,Credit Card Interest Rate,TERMCBCCALLNS
2019-08-01,15.1,Credit Card Interest Rate,TERMCBCCALLNS
2019-09-01,,Credit Card Interest Rate,TERMCBCCALLNS
2019-10-01,,Credit Card Interest Rate,TERMCBCCALLNS
2019-11-01,14.87,Credit Card Interest Rate,TERMCBCCALLNS
2019-12-01,,Credit Card Interest Rate,TERMCBCCALLNS
2020-01-01,,Credit Card Interest Rate,TERMCBCCALLNS
2020-02-01,15.09,Credit Card Interest Rate,TERMCBCCALLNS
2020-03-01,,Credit Card Interest Rate,TERMCBCCALLNS
2020-04-01,,Credit Card Interest Rate,TERMCBCCALLNS
2020-05-01,14.52,Credit Card Interest Rate,TERMCBCCALLNS
2020-06-01,,Credit Card Interest Rate,TERMCBCCALLNS
2020-07-01,,Credit Card Interest Rate,TERMCBCCALLNS
2020-08-01,14.58,Credit Card Interest Rate,TERMCBCCALLNS
2020-09-01,,Credit Card Interest Rate,TERMCBCCALLNS
2020-10-01,,Credit Card Interest Rate,TERMCBCCALLNS
2020-11-01,14.65,Credit Card Interest Rate,TERMCBCCALLNS
2020-12-01,,Credit Card Interest Rate,TERMCBCCALLNS
2021-01-01,,Credit Card Interest Rate,TERMCBCCALLNS
2021-02-01,14.75,Credit Card Interest Rate,TERMCBCCALLNS
2021-03-01,,Credit Card Interest Rate,TERMCBCCALLNS
2021-04-01,,Credit Card Interest Rate,TERMCBCCALLNS
2021-05-01,14.61,Credit Card Interest Rate,TERMCBCCALLNS
2021-06-01,,Credit Card Interest Rate,TERMCBCCALLNS
2021-07-01,,Credit Card Interest Rate,TERMCBCCALLNS
2021-08-01,14.54,Credit Card Interest Rate,TERMCBCCALLNS
2021-09-01,,Credit Card Interest Rate,TERMCBCCALLNS
2021-10-01,,Credit Card Interest Rate,TERMCBCCALLNS
2021-11-01,14.51,Credit Card Interest Rate,TERMCBCCALLNS
2021-12-01,,Credit Card Interest Rate,TERMCBCCALLNS
2022-01-01,,Credit Card Interest Rate,TERMCBCCALLNS
2022-02-01,14.56,Credit Card Interest Rate,TERMCBCCALLNS
2022-03-01,,Credit Card Interest Rate,TERMCBCCALLNS
2022-04-01,,Credit Card Interest Rate,TERMCBCCALLNS
2022-05-01,15.13,Credit Card Interest Rate,TERMCBCCALLNS
2022-06-01,,Credit Card Interest Rate,TERMCBCCALLNS
2022-07-01,,Credit Card Interest Rate,TERMCBCCALLNS
2022-08-01,16.27,Credit Card Interest Rate,TERMCBCCALLNS
2022-09-01,,Credit Card Interest Rate,TERMCBCCALLNS
2022-10-01,,Credit Card Interest Rate,TERMCBCCALLNS
2022-11-01,19.07,Credit Card Interest Rate,TERMCBCCALLNS
2022-12-01,,Credit Card Interest Rate,TERMCBCCALLNS
2023-01-01,,Credit Card Interest Rate,TERMCBCCALLNS
2023-02-01,20.09,Credit Card Interest Rate,TERMCBCCALLNS
2023-03-01,,Credit Card Interest Rate,TERMCBCCALLNS
2023-04-01,,Credit Card Interest Rate,TERMCBCCALLNS
2023-05-01,20.84,Credit Card Interest Rate,TERMCBCCALLNS
2023-06-01,,Credit Card Interest Rate,TERMCBCCALLNS
2023-07-01,,Credit Card Interest Rate,TERMCBCCALLNS
2023-08-01,21.19,Credit Card Interest Rate,TERMCBCCALLNS
2023-09-01,,Credit Card Interest Rate,TERMCBCCALLNS
2023-10-01,,Credit Card Interest Rate,TERMCBCCALLNS
2023-11-01,21.47,Credit Card Interest Rate,TERMCBCCALLNS
2023-12-01,,Credit Card Interest Rate,TERMCBCCALLNS
2024-01-01,,Credit Card Interest Rate,TERMCBCCALLNS
2024-02-01,21.59,Credit Card Interest Rate,TERMCBCCALLNS
2024-03-01,,Credit Card Interest Rate,TERMCBCCALLNS
2024-04-01,,Credit Card Interest Rate,TERMCBCCALLNS
2024-05-01,21.51,Credit Card Interest Rate,TERMCBCCALLNS
2024-06-01,,Credit Card Interest Rate,TERMCBCCALLNS
2024-07-01,,Credit Card Interest Rate,TERMCBCCALLNS
2024-08-01,21.76,Credit Card Interest Rate,TERMCBCCALLNS
2024-09-01,,Credit Card Interest Rate,TERMCBCCALLNS
2024-10-01,,Credit Card Interest Rate,TERMCBCCALLNS
2024-11-01,21.47,Credit Card Interest Rate,TERMCBCCALLNS
2024-12-01,,Credit Card Interest Rate,TERMCBCCALLNS
2025-01-01,,Credit Card Interest Rate,TERMCBCCALLNS
2025-02-01,21.37,Credit Card Interest Rate,TERMCBCCALLNS
2025-03-01,,Credit Card Interest Rate,TERMCBCCALLNS
2025-04-01,,Credit Card Interest Rate,TERMCBCCALLNS
2025-05-01,21.16,Credit Card Interest Rate,TERMCBCCALLNS
2025-06-01,,Credit Card Interest Rate,TERMCBCCALLNS
2025-07-01,,Credit Card Interest Rate,TERMCBCCALLNS
2025-08-01,21.39,Credit Card Interest Rate,TERMCBCCALLNS
2025-09-01,,Credit Card Interest Rate,TERMCBCCALLNS
2025-10-01,,Credit Card Interest Rate,TERMCBCCALLNS
2025-11-01,20.97,Credit Card Interest Rate,TERMCBCCALLNS
2025-12-01,,Credit Card Interest Rate,TERMCBCCALLNS
2026-01-01,,Credit Card Interest Rate,TERMCBCCALLNS
2026-02-01,21.0,Credit Card Interest Rate,TERMCBCCALLNS
2018-01-01,95.7,Consumer Sentiment Index,UMCSENT
2018-02-01,99.7,Consumer Sentiment Index,UMCSENT
2018-03-01,101.4,Consumer Sentiment Index,UMCSENT
2018-04-01,98.8,Consumer Sentiment Index,UMCSENT
2018-05-01,98.0,Consumer Sentiment Index,UMCSENT
2018-06-01,98.2,Consumer Sentiment Index,UMCSENT
2018-07-01,97.9,Consumer Sentiment Index,UMCSENT
2018-08-01,96.2,Consumer Sentiment Index,UMCSENT
2018-09-01,100.1,Consumer Sentiment Index,UMCSENT
2018-10-01,98.6,Consumer Sentiment Index,UMCSENT
2018-11-01,97.5,Consumer Sentiment Index,UMCSENT
2018-12-01,98.3,Consumer Sentiment Index,UMCSENT
2019-01-01,91.2,Consumer Sentiment Index,UMCSENT
2019-02-01,93.8,Consumer Sentiment Index,UMCSENT
2019-03-01,98.4,Consumer Sentiment Index,UMCSENT
2019-04-01,97.2,Consumer Sentiment Index,UMCSENT
2019-05-01,100.0,Consumer Sentiment Index,UMCSENT
2019-06-01,98.2,Consumer Sentiment Index,UMCSENT
2019-07-01,98.4,Consumer Sentiment Index,UMCSENT
2019-08-01,89.8,Consumer Sentiment Index,UMCSENT
2019-09-01,93.2,Consumer Sentiment Index,UMCSENT
2019-10-01,95.5,Consumer Sentiment Index,UMCSENT
2019-11-01,96.8,Consumer Sentiment Index,UMCSENT
2019-12-01,99.3,Consumer Sentiment Index,UMCSENT
2020-01-01,99.8,Consumer Sentiment Index,UMCSENT
2020-02-01,101.0,Consumer Sentiment Index,UMCSENT
2020-03-01,89.1,Consumer Sentiment Index,UMCSENT
2020-04-01,71.8,Consumer Sentiment Index,UMCSENT
2020-05-01,72.3,Consumer Sentiment Index,UMCSENT
2020-06-01,78.1,Consumer Sentiment Index,UMCSENT
2020-07-01,72.5,Consumer Sentiment Index,UMCSENT
2020-08-01,74.1,Consumer Sentiment Index,UMCSENT
2020-09-01,80.4,Consumer Sentiment Index,UMCSENT
2020-10-01,81.8,Consumer Sentiment Index,UMCSENT
2020-11-01,76.9,Consumer Sentiment Index,UMCSENT
2020-12-01,80.7,Consumer Sentiment Index,UMCSENT
2021-01-01,79.0,Consumer Sentiment Index,UMCSENT
2021-02-01,76.8,Consumer Sentiment Index,UMCSENT
2021-03-01,84.9,Consumer Sentiment Index,UMCSENT
2021-04-01,88.3,Consumer Sentiment Index,UMCSENT
2021-05-01,82.9,Consumer Sentiment Index,UMCSENT
2021-06-01,85.5,Consumer Sentiment Index,UMCSENT
2021-07-01,81.2,Consumer Sentiment Index,UMCSENT
2021-08-01,70.3,Consumer Sentiment Index,UMCSENT
2021-09-01,72.8,Consumer Sentiment Index,UMCSENT
2021-10-01,71.7,Consumer Sentiment Index,UMCSENT
2021-11-01,67.4,Consumer Sentiment Index,UMCSENT
2021-12-01,70.6,Consumer Sentiment Index,UMCSENT
2022-01-01,67.2,Consumer Sentiment Index,UMCSENT
2022-02-01,62.8,Consumer Sentiment Index,UMCSENT
2022-03-01,59.4,Consumer Sentiment Index,UMCSENT
2022-04-01,65.2,Consumer Sentiment Index,UMCSENT
2022-05-01,58.4,Consumer Sentiment Index,UMCSENT
2022-06-01,50.0,Consumer Sentiment Index,UMCSENT
2022-07-01,51.5,Consumer Sentiment Index,UMCSENT
2022-08-01,58.2,Consumer Sentiment Index,UMCSENT
2022-09-01,58.6,Consumer Sentiment Index,UMCSENT
2022-10-01,59.9,Consumer Sentiment Index,UMCSENT
2022-11-01,56.7,Consumer Sentiment Index,UMCSENT
2022-12-01,59.8,Consumer Sentiment Index,UMCSENT
2023-01-01,64.9,Consumer Sentiment Index,UMCSENT
2023-02-01,66.9,Consumer Sentiment Index,UMCSENT
2023-03-01,62.0,Consumer Sentiment Index,UMCSENT
2023-04-01,63.7,Consumer Sentiment Index,UMCSENT
2023-05-01,59.0,Consumer Sentiment Index,UMCSENT
2023-06-01,64.2,Consumer Sentiment Index,UMCSENT
2023-07-01,71.5,Consumer Sentiment Index,UMCSENT
2023-08-01,69.4,Consumer Sentiment Index,UMCSENT
2023-09-01,67.8,Consumer Sentiment Index,UMCSENT
2023-10-01,63.8,Consumer Sentiment Index,UMCSENT
2023-11-01,61.3,Consumer Sentiment Index,UMCSENT
2023-12-01,69.7,Consumer Sentiment Index,UMCSENT
2024-01-01,79.0,Consumer Sentiment Index,UMCSENT
2024-02-01,76.9,Consumer Sentiment Index,UMCSENT
2024-03-01,79.4,Consumer Sentiment Index,UMCSENT
2024-04-01,77.2,Consumer Sentiment Index,UMCSENT
2024-05-01,69.1,Consumer Sentiment Index,UMCSENT
2024-06-01,68.2,Consumer Sentiment Index,UMCSENT
2024-07-01,66.4,Consumer Sentiment Index,UMCSENT
2024-08-01,67.9,Consumer Sentiment Index,UMCSENT
2024-09-01,70.1,Consumer Sentiment Index,UMCSENT
2024-10-01,70.5,Consumer Sentiment Index,UMCSENT
2024-11-01,71.8,Consumer Sentiment Index,UMCSENT
2024-12-01,74.0,Consumer Sentiment Index,UMCSENT
2025-01-01,71.7,Consumer Sentiment Index,UMCSENT
2025-02-01,64.7,Consumer Sentiment Index,UMCSENT
2025-03-01,57.0,Consumer Sentiment Index,UMCSENT
2025-04-01,52.2,Consumer Sentiment Index,UMCSENT
2025-05-01,52.2,Consumer Sentiment Index,UMCSENT
2025-06-01,60.7,Consumer Sentiment Index,UMCSENT
2025-07-01,61.7,Consumer Sentiment Index,UMCSENT
2025-08-01,58.2,Consumer Sentiment Index,UMCSENT
2025-09-01,55.1,Consumer Sentiment Index,UMCSENT
2025-10-01,53.6,Consumer Sentiment Index,UMCSENT
2025-11-01,51.0,Consumer Sentiment Index,UMCSENT
2025-12-01,52.9,Consumer Sentiment Index,UMCSENT
2026-01-01,56.4,Consumer Sentiment Index,UMCSENT
2026-02-01,56.6,Consumer Sentiment Index,UMCSENT
2018-01-01,4.0,Unemployment Rate,UNRATE
2018-02-01,4.1,Unemployment Rate,UNRATE
2018-03-01,4.0,Unemployment Rate,UNRATE
2018-04-01,4.0,Unemployment Rate,UNRATE
2018-05-01,3.8,Unemployment Rate,UNRATE
2018-06-01,4.0,Unemployment Rate,UNRATE
2018-07-01,3.8,Unemployment Rate,UNRATE
2018-08-01,3.8,Unemployment Rate,UNRATE
2018-09-01,3.7,Unemployment Rate,UNRATE
2018-10-01,3.8,Unemployment Rate,UNRATE
2018-11-01,3.8,Unemployment Rate,UNRATE
2018-12-01,3.9,Unemployment Rate,UNRATE
2019-01-01,4.0,Unemployment Rate,UNRATE
2019-02-01,3.8,Unemployment Rate,UNRATE
2019-03-01,3.8,Unemployment Rate,UNRATE
2019-04-01,3.7,Unemployment Rate,UNRATE
2019-05-01,3.6,Unemployment Rate,UNRATE
2019-06-01,3.6,Unemployment Rate,UNRATE
2019-07-01,3.7,Unemployment Rate,UNRATE
2019-08-01,3.6,Unemployment Rate,UNRATE
2019-09-01,3.5,Unemployment Rate,UNRATE
2019-10-01,3.6,Unemployment Rate,UNRATE
2019-11-01,3.6,Unemployment Rate,UNRATE
2019-12-01,3.6,Unemployment Rate,UNRATE
2020-01-01,3.6,Unemployment Rate,UNRATE
2020-02-01,3.5,Unemployment Rate,UNRATE
2020-03-01,4.4,Unemployment Rate,UNRATE
2020-04-01,14.8,Unemployment Rate,UNRATE
2020-05-01,13.2,Unemployment Rate,UNRATE
2020-06-01,11.0,Unemployment Rate,UNRATE
2020-07-01,10.2,Unemployment Rate,UNRATE
2020-08-01,8.4,Unemployment Rate,UNRATE
2020-09-01,7.8,Unemployment Rate,UNRATE
2020-10-01,6.9,Unemployment Rate,UNRATE
2020-11-01,6.7,Unemployment Rate,UNRATE
2020-12-01,6.7,Unemployment Rate,UNRATE
2021-01-01,6.4,Unemployment Rate,UNRATE
2021-02-01,6.2,Unemployment Rate,UNRATE
2021-03-01,6.1,Unemployment Rate,UNRATE
2021-04-01,6.1,Unemployment Rate,UNRATE
2021-05-01,5.8,Unemployment Rate,UNRATE
2021-06-01,5.9,Unemployment Rate,UNRATE
2021-07-01,5.4,Unemployment Rate,UNRATE
2021-08-01,5.1,Unemployment Rate,UNRATE
2021-09-01,4.7,Unemployment Rate,UNRATE
2021-10-01,4.5,Unemployment Rate,UNRATE
2021-11-01,4.1,Unemployment Rate,UNRATE
2021-12-01,3.9,Unemployment Rate,UNRATE
2022-01-01,4.0,Unemployment Rate,UNRATE
2022-02-01,3.9,Unemployment Rate,UNRATE
2022-03-01,3.7,Unemployment Rate,UNRATE
2022-04-01,3.7,Unemployment Rate,UNRATE
2022-05-01,3.6,Unemployment Rate,UNRATE
2022-06-01,3.6,Unemployment Rate,UNRATE
2022-07-01,3.5,Unemployment Rate,UNRATE
2022-08-01,3.6,Unemployment Rate,UNRATE
2022-09-01,3.5,Unemployment Rate,UNRATE
2022-10-01,3.6,Unemployment Rate,UNRATE
2022-11-01,3.6,Unemployment Rate,UNRATE
2022-12-01,3.5,Unemployment Rate,UNRATE
2023-01-01,3.5,Unemployment Rate,UNRATE
2023-02-01,3.6,Unemployment Rate,UNRATE
2023-03-01,3.5,Unemployment Rate,UNRATE
2023-04-01,3.4,Unemployment Rate,UNRATE
2023-05-01,3.6,Unemployment Rate,UNRATE
2023-06-01,3.6,Unemployment Rate,UNRATE
2023-07-01,3.5,Unemployment Rate,UNRATE
2023-08-01,3.7,Unemployment Rate,UNRATE
2023-09-01,3.7,Unemployment Rate,UNRATE
2023-10-01,3.9,Unemployment Rate,UNRATE
2023-11-01,3.7,Unemployment Rate,UNRATE
2023-12-01,3.8,Unemployment Rate,UNRATE
2024-01-01,3.7,Unemployment Rate,UNRATE
2024-02-01,3.9,Unemployment Rate,UNRATE
2024-03-01,3.9,Unemployment Rate,UNRATE
2024-04-01,3.9,Unemployment Rate,UNRATE
2024-05-01,3.9,Unemployment Rate,UNRATE
2024-06-01,4.1,Unemployment Rate,UNRATE
2024-07-01,4.2,Unemployment Rate,UNRATE
2024-08-01,4.2,Unemployment Rate,UNRATE
2024-09-01,4.1,Unemployment Rate,UNRATE
2024-10-01,4.1,Unemployment Rate,UNRATE
2024-11-01,4.2,Unemployment Rate,UNRATE
2024-12-01,4.1,Unemployment Rate,UNRATE
2025-01-01,4.0,Unemployment Rate,UNRATE
2025-02-01,4.2,Unemployment Rate,UNRATE
2025-03-01,4.2,Unemployment Rate,UNRATE
2025-04-01,4.2,Unemployment Rate,UNRATE
2025-05-01,4.3,Unemployment Rate,UNRATE
2025-06-01,4.1,Unemployment Rate,UNRATE
2025-07-01,4.3,Unemployment Rate,UNRATE
2025-08-01,4.3,Unemployment Rate,UNRATE
2025-09-01,4.4,Unemployment Rate,UNRATE
2025-10-01,,Unemployment Rate,UNRATE
2025-11-01,4.5,Unemployment Rate,UNRATE
2025-12-01,4.4,Unemployment Rate,UNRATE
2026-01-01,4.3,Unemployment Rate,UNRATE
2026-02-01,4.4,Unemployment Rate,UNRATE
2026-03-01,4.3,Unemployment Rate,UNRATE
2018-01-01,248.859,CPI (Inflation Proxy),CPIAUCSL
2018-02-01,249.529,CPI (Inflation Proxy),CPIAUCSL
2018-03-01,249.577,CPI (Inflation Proxy),CPIAUCSL
2018-04-01,250.227,CPI (Inflation Proxy),CPIAUCSL
2018-05-01,250.792,CPI (Inflation Proxy),CPIAUCSL
2018-06-01,251.018,CPI (Inflation Proxy),CPIAUCSL
2018-07-01,251.214,CPI (Inflation Proxy),CPIAUCSL
2018-08-01,251.663,CPI (Inflation Proxy),CPIAUCSL
2018-09-01,252.182,CPI (Inflation Proxy),CPIAUCSL
2018-10-01,252.772,CPI (Inflation Proxy),CPIAUCSL
2018-11-01,252.594,CPI (Inflation Proxy),CPIAUCSL
2018-12-01,252.767,CPI (Inflation Proxy),CPIAUCSL
2019-01-01,252.561,CPI (Inflation Proxy),CPIAUCSL
2019-02-01,253.319,CPI (Inflation Proxy),CPIAUCSL
2019-03-01,254.277,CPI (Inflation Proxy),CPIAUCSL
2019-04-01,255.233,CPI (Inflation Proxy),CPIAUCSL
2019-05-01,255.296,CPI (Inflation Proxy),CPIAUCSL
2019-06-01,255.213,CPI (Inflation Proxy),CPIAUCSL
2019-07-01,255.802,CPI (Inflation Proxy),CPIAUCSL
2019-08-01,256.036,CPI (Inflation Proxy),CPIAUCSL
2019-09-01,256.43,CPI (Inflation Proxy),CPIAUCSL
2019-10-01,257.155,CPI (Inflation Proxy),CPIAUCSL
2019-11-01,257.879,CPI (Inflation Proxy),CPIAUCSL
2019-12-01,258.63,CPI (Inflation Proxy),CPIAUCSL
2020-01-01,259.127,CPI (Inflation Proxy),CPIAUCSL
2020-02-01,259.25,CPI (Inflation Proxy),CPIAUCSL
2020-03-01,258.076,CPI (Inflation Proxy),CPIAUCSL
2020-04-01,256.032,CPI (Inflation Proxy),CPIAUCSL
2020-05-01,255.802,CPI (Inflation Proxy),CPIAUCSL
2020-06-01,257.042,CPI (Inflation Proxy),CPIAUCSL
2020-07-01,258.352,CPI (Inflation Proxy),CPIAUCSL
2020-08-01,259.316,CPI (Inflation Proxy),CPIAUCSL
2020-09-01,259.997,CPI (Inflation Proxy),CPIAUCSL
2020-10-01,260.319,CPI (Inflation Proxy),CPIAUCSL
2020-11-01,260.911,CPI (Inflation Proxy),CPIAUCSL
2020-12-01,262.045,CPI (Inflation Proxy),CPIAUCSL
2021-01-01,262.687,CPI (Inflation Proxy),CPIAUCSL
2021-02-01,263.579,CPI (Inflation Proxy),CPIAUCSL
2021-03-01,264.961,CPI (Inflation Proxy),CPIAUCSL
2021-04-01,266.614,CPI (Inflation Proxy),CPIAUCSL
2021-05-01,268.383,CPI (Inflation Proxy),CPIAUCSL
2021-06-01,270.654,CPI (Inflation Proxy),CPIAUCSL
2021-07-01,271.903,CPI (Inflation Proxy),CPIAUCSL
2021-08-01,272.676,CPI (Inflation Proxy),CPIAUCSL
2021-09-01,273.91,CPI (Inflation Proxy),CPIAUCSL
2021-10-01,276.55,CPI (Inflation Proxy),CPIAUCSL
2021-11-01,278.919,CPI (Inflation Proxy),CPIAUCSL
2021-12-01,280.845,CPI (Inflation Proxy),CPIAUCSL
2022-01-01,282.543,CPI (Inflation Proxy),CPIAUCSL
2022-02-01,284.5,CPI (Inflation Proxy),CPIAUCSL
2022-03-01,287.674,CPI (Inflation Proxy),CPIAUCSL
2022-04-01,288.561,CPI (Inflation Proxy),CPIAUCSL
2022-05-01,291.298,CPI (Inflation Proxy),CPIAUCSL
2022-06-01,294.957,CPI (Inflation Proxy),CPIAUCSL
2022-07-01,294.913,CPI (Inflation Proxy),CPIAUCSL
2022-08-01,295.097,CPI (Inflation Proxy),CPIAUCSL
2022-09-01,296.349,CPI (Inflation Proxy),CPIAUCSL
2022-10-01,298.007,CPI (Inflation Proxy),CPIAUCSL
2022-11-01,298.786,CPI (Inflation Proxy),CPIAUCSL
2022-12-01,298.832,CPI (Inflation Proxy),CPIAUCSL
2023-01-01,300.42,CPI (Inflation Proxy),CPIAUCSL
2023-02-01,301.45,CPI (Inflation Proxy),CPIAUCSL
2023-03-01,301.821,CPI (Inflation Proxy),CPIAUCSL
2023-04-01,302.845,CPI (Inflation Proxy),CPIAUCSL
2023-05-01,303.334,CPI (Inflation Proxy),CPIAUCSL
2023-06-01,304.014,CPI (Inflation Proxy),CPIAUCSL
2023-07-01,304.609,CPI (Inflation Proxy),CPIAUCSL
2023-08-01,306.082,CPI (Inflation Proxy),CPIAUCSL
2023-09-01,307.276,CPI (Inflation Proxy),CPIAUCSL
2023-10-01,307.696,CPI (Inflation Proxy),CPIAUCSL
2023-11-01,308.148,CPI (Inflation Proxy),CPIAUCSL
2023-12-01,308.741,CPI (Inflation Proxy),CPIAUCSL
2024-01-01,309.698,CPI (Inflation Proxy),CPIAUCSL
2024-02-01,310.967,CPI (Inflation Proxy),CPIAUCSL
2024-03-01,312.345,CPI (Inflation Proxy),CPIAUCSL
2024-04-01,313.023,CPI (Inflation Proxy),CPIAUCSL
2024-05-01,313.175,CPI (Inflation Proxy),CPIAUCSL
2024-06-01,313.044,CPI (Inflation Proxy),CPIAUCSL
2024-07-01,313.569,CPI (Inflation Proxy),CPIAUCSL
2024-08-01,314.062,CPI (Inflation Proxy),CPIAUCSL
2024-09-01,314.732,CPI (Inflation Proxy),CPIAUCSL
2024-10-01,315.631,CPI (Inflation Proxy),CPIAUCSL
2024-11-01,316.528,CPI (Inflation Proxy),CPIAUCSL
2024-12-01,317.604,CPI (Inflation Proxy),CPIAUCSL
2025-01-01,318.961,CPI (Inflation Proxy),CPIAUCSL
2025-02-01,319.679,CPI (Inflation Proxy),CPIAUCSL
2025-03-01,319.785,CPI (Inflation Proxy),CPIAUCSL
2025-04-01,320.302,CPI (Inflation Proxy),CPIAUCSL
2025-05-01,320.62,CPI (Inflation Proxy),CPIAUCSL
2025-06-01,321.435,CPI (Inflation Proxy),CPIAUCSL
2025-07-01,322.169,CPI (Inflation Proxy),CPIAUCSL
2025-08-01,323.291,CPI (Inflation Proxy),CPIAUCSL
2025-09-01,324.245,CPI (Inflation Proxy),CPIAUCSL
2025-10-01,,CPI (Inflation Proxy),CPIAUCSL
2025-11-01,325.063,CPI (Inflation Proxy),CPIAUCSL
2025-12-01,326.031,CPI (Inflation Proxy),CPIAUCSL
2026-01-01,326.588,CPI (Inflation Proxy),CPIAUCSL
2026-02-01,327.46,CPI (Inflation Proxy),CPIAUCSL
2026-03-01,330.293,CPI (Inflation Proxy),CPIAUCSL
